vermeulen2,test.result.1,test.result.2,test.result.3,conformity
AHCY.STD_150000,y,y,y,TRUE
AHCY.STD_150000.1,y,y,y,TRUE
AHCY.STD_150000.2,y,y,y,TRUE
AHCY.STD_15000,y,y,y,TRUE
AHCY.STD_15000.1,y,y,y,TRUE
AHCY.STD_15000.2,y,y,y,TRUE
AHCY.STD_1500,y,y,y,TRUE
AHCY.STD_1500.1,y,y,y,TRUE
AHCY.STD_1500.2,y,y,y,TRUE
AHCY.STD_150,y,y,y,TRUE
AHCY.STD_150.1,y,y,y,TRUE
AHCY.STD_150.2,y,y,y,TRUE
AHCY.STD_15,y,y,y,TRUE
AHCY.STD_15.1,y,y,y,TRUE
AHCY.STD_15.2,y,y,y,TRUE
AKR1C1.STD_150000,y,y,y,TRUE
AKR1C1.STD_150000.1,y,y,y,TRUE
AKR1C1.STD_150000.2,y,y,y,TRUE
AKR1C1.STD_15000,y,y,y,TRUE
AKR1C1.STD_15000.1,y,y,y,TRUE
AKR1C1.STD_15000.2,y,y,y,TRUE
AKR1C1.STD_1500,y,y,y,TRUE
AKR1C1.STD_1500.1,y,y,y,TRUE
AKR1C1.STD_1500.2,y,y,y,TRUE
AKR1C1.STD_150,y,y,y,TRUE
AKR1C1.STD_150.1,y,y,y,TRUE
AKR1C1.STD_150.2,y,y,y,TRUE
AKR1C1.STD_15,y,y,y,TRUE
AKR1C1.STD_15.1,y,y,y,TRUE
AKR1C1.STD_15.2,y,y,y,TRUE
ALUsq(Eurogentec).STD_150000,a,a,a,TRUE
ALUsq(Eurogentec).STD_150000.1,a,a,a,TRUE
ALUsq(Eurogentec).STD_150000.2,a,a,a,TRUE
ALUsq(Eurogentec).STD_15000,a,a,a,TRUE
ALUsq(Eurogentec).STD_15000.1,a,a,a,TRUE
ALUsq(Eurogentec).STD_15000.2,a,a,a,TRUE
ALUsq(Eurogentec).STD_1500,a,a,a,TRUE
ALUsq(Eurogentec).STD_1500.1,a,a,a,TRUE
ALUsq(Eurogentec).STD_1500.2,a,a,a,TRUE
ALUsq(Eurogentec).STD_150,a,a,a,TRUE
ALUsq(Eurogentec).STD_150.1,a,a,a,TRUE
ALUsq(Eurogentec).STD_150.2,a,a,a,TRUE
ALUsq(Eurogentec).STD_15,a,a,a,TRUE
ALUsq(Eurogentec).STD_15.1,a,a,a,TRUE
ALUsq(Eurogentec).STD_15.2,a,a,a,TRUE
ARHGEF7.STD_150000,y,y,y,TRUE
ARHGEF7.STD_150000.1,y,y,y,TRUE
ARHGEF7.STD_150000.2,y,y,y,TRUE
ARHGEF7.STD_15000,y,y,y,TRUE
ARHGEF7.STD_15000.1,y,y,y,TRUE
ARHGEF7.STD_15000.2,y,y,y,TRUE
ARHGEF7.STD_1500,y,y,y,TRUE
ARHGEF7.STD_1500.1,y,y,y,TRUE
ARHGEF7.STD_1500.2,y,y,y,TRUE
ARHGEF7.STD_150,y,y,y,TRUE
ARHGEF7.STD_150.1,y,y,y,TRUE
ARHGEF7.STD_150.2,y,y,y,TRUE
ARHGEF7.STD_15,y,y,y,TRUE
ARHGEF7.STD_15.1,y,y,y,TRUE
ARHGEF7.STD_15.2,y,y,y,TRUE
BIRC5.STD_150000,y,y,y,TRUE
BIRC5.STD_150000.1,y,y,y,TRUE
BIRC5.STD_150000.2,y,y,y,TRUE
BIRC5.STD_15000,y,y,y,TRUE
BIRC5.STD_15000.1,y,y,y,TRUE
BIRC5.STD_15000.2,y,y,y,TRUE
BIRC5.STD_1500,y,y,y,TRUE
BIRC5.STD_1500.1,y,y,y,TRUE
BIRC5.STD_1500.2,y,y,y,TRUE
BIRC5.STD_150,y,y,y,TRUE
BIRC5.STD_150.1,y,y,y,TRUE
BIRC5.STD_150.2,y,y,y,TRUE
BIRC5.STD_15,y,y,y,TRUE
BIRC5.STD_15.1,y,y,y,TRUE
BIRC5.STD_15.2,y,y,y,TRUE
CAMTA1.STD_150000,y,y,y,TRUE
CAMTA1.STD_150000.1,y,y,y,TRUE
CAMTA1.STD_150000.2,y,y,y,TRUE
CAMTA1.STD_15000,y,y,y,TRUE
CAMTA1.STD_15000.1,y,y,y,TRUE
CAMTA1.STD_15000.2,y,y,y,TRUE
CAMTA1.STD_1500,y,y,y,TRUE
CAMTA1.STD_1500.1,y,y,y,TRUE
CAMTA1.STD_1500.2,y,y,y,TRUE
CAMTA1.STD_150,y,y,y,TRUE
CAMTA1.STD_150.1,y,y,y,TRUE
CAMTA1.STD_150.2,y,y,y,TRUE
CAMTA1.STD_15,y,y,y,TRUE
CAMTA1.STD_15.1,y,y,y,TRUE
CAMTA1.STD_15.2,y,y,y,TRUE
CAMTA2.STD_150000,y,y,y,TRUE
CAMTA2.STD_150000.1,y,y,y,TRUE
CAMTA2.STD_150000.2,y,y,y,TRUE
CAMTA2.STD_15000,y,y,y,TRUE
CAMTA2.STD_15000.1,y,y,y,TRUE
CAMTA2.STD_15000.2,y,y,y,TRUE
CAMTA2.STD_1500,y,y,y,TRUE
CAMTA2.STD_1500.1,y,y,y,TRUE
CAMTA2.STD_1500.2,y,y,y,TRUE
CAMTA2.STD_150,y,y,y,TRUE
CAMTA2.STD_150.1,y,y,y,TRUE
CAMTA2.STD_150.2,y,y,y,TRUE
CAMTA2.STD_15,y,y,y,TRUE
CAMTA2.STD_15.1,y,y,y,TRUE
CAMTA2.STD_15.2,y,y,y,TRUE
CD44.STD_150000,y,y,y,TRUE
CD44.STD_150000.1,y,y,y,TRUE
CD44.STD_150000.2,y,y,y,TRUE
CD44.STD_15000,y,y,y,TRUE
CD44.STD_15000.1,y,y,y,TRUE
CD44.STD_15000.2,y,y,y,TRUE
CD44.STD_1500,y,y,y,TRUE
CD44.STD_1500.1,y,y,y,TRUE
CD44.STD_1500.2,y,y,y,TRUE
CD44.STD_150,y,y,y,TRUE
CD44.STD_150.1,y,y,y,TRUE
CD44.STD_150.2,y,y,y,TRUE
CD44.STD_15,y,y,y,TRUE
CD44.STD_15.1,y,y,y,TRUE
CD44.STD_15.2,y,y,y,TRUE
CDCA5.STD_150000,y,y,y,TRUE
CDCA5.STD_150000.1,y,y,y,TRUE
CDCA5.STD_150000.2,y,y,y,TRUE
CDCA5.STD_15000,y,y,y,TRUE
CDCA5.STD_15000.1,y,y,y,TRUE
CDCA5.STD_15000.2,y,y,y,TRUE
CDCA5.STD_1500,y,y,y,TRUE
CDCA5.STD_1500.1,y,y,y,TRUE
CDCA5.STD_1500.2,y,y,y,TRUE
CDCA5.STD_150,y,y,y,TRUE
CDCA5.STD_150.1,y,y,y,TRUE
CDCA5.STD_150.2,y,y,y,TRUE
CDCA5.STD_15,y,y,y,TRUE
CDCA5.STD_15.1,y,y,y,TRUE
CDCA5.STD_15.2,y,y,y,TRUE
CDH5.STD_150000,y,y,y,TRUE
CDH5.STD_150000.1,y,y,y,TRUE
CDH5.STD_150000.2,y,y,y,TRUE
CDH5.STD_15000,y,y,y,TRUE
CDH5.STD_15000.1,y,y,y,TRUE
CDH5.STD_15000.2,y,y,y,TRUE
CDH5.STD_1500,y,y,y,TRUE
CDH5.STD_1500.1,y,y,y,TRUE
CDH5.STD_1500.2,y,y,y,TRUE
CDH5.STD_150,y,y,y,TRUE
CDH5.STD_150.1,y,y,y,TRUE
CDH5.STD_150.2,y,y,y,TRUE
CDH5.STD_15,y,y,y,TRUE
CDH5.STD_15.1,y,y,y,TRUE
CDH5.STD_15.2,y,y,y,TRUE
CDKN3.STD_150000,y,y,y,TRUE
CDKN3.STD_150000.1,y,y,y,TRUE
CDKN3.STD_150000.2,y,y,y,TRUE
CDKN3.STD_15000,y,y,y,TRUE
CDKN3.STD_15000.1,y,y,y,TRUE
CDKN3.STD_15000.2,y,y,y,TRUE
CDKN3.STD_1500,y,y,y,TRUE
CDKN3.STD_1500.1,y,y,y,TRUE
CDKN3.STD_1500.2,y,y,y,TRUE
CDKN3.STD_150,y,y,y,TRUE
CDKN3.STD_150.1,y,y,y,TRUE
CDKN3.STD_150.2,y,y,y,TRUE
CDKN3.STD_15,y,y,y,TRUE
CDKN3.STD_15.1,y,y,y,TRUE
CDKN3.STD_15.2,y,y,y,TRUE
CLSTN1.STD_150000,y,y,y,TRUE
CLSTN1.STD_150000.1,y,y,y,TRUE
CLSTN1.STD_150000.2,y,y,y,TRUE
CLSTN1.STD_15000,y,y,y,TRUE
CLSTN1.STD_15000.1,y,y,y,TRUE
CLSTN1.STD_15000.2,y,y,y,TRUE
CLSTN1.STD_1500,y,y,y,TRUE
CLSTN1.STD_1500.1,y,y,y,TRUE
CLSTN1.STD_1500.2,y,y,y,TRUE
CLSTN1.STD_150,y,y,y,TRUE
CLSTN1.STD_150.1,y,y,y,TRUE
CLSTN1.STD_150.2,y,y,y,TRUE
CLSTN1.STD_15,y,y,y,TRUE
CLSTN1.STD_15.1,y,y,y,TRUE
CLSTN1.STD_15.2,y,y,y,TRUE
CPSG3.STD_150000,y,y,y,TRUE
CPSG3.STD_150000.1,y,y,y,TRUE
CPSG3.STD_150000.2,y,y,y,TRUE
CPSG3.STD_15000,y,y,y,TRUE
CPSG3.STD_15000.1,y,y,y,TRUE
CPSG3.STD_15000.2,y,y,y,TRUE
CPSG3.STD_1500,y,y,y,TRUE
CPSG3.STD_1500.1,y,y,y,TRUE
CPSG3.STD_1500.2,y,y,y,TRUE
CPSG3.STD_150,y,y,y,TRUE
CPSG3.STD_150.1,y,y,y,TRUE
CPSG3.STD_150.2,y,y,y,TRUE
CPSG3.STD_15,y,y,y,TRUE
CPSG3.STD_15.1,y,y,y,TRUE
CPSG3.STD_15.2,y,y,y,TRUE
DDC.STD_150000,y,y,y,TRUE
DDC.STD_150000.1,y,y,y,TRUE
DDC.STD_150000.2,y,y,y,TRUE
DDC.STD_15000,y,y,y,TRUE
DDC.STD_15000.1,y,y,y,TRUE
DDC.STD_15000.2,y,y,y,TRUE
DDC.STD_1500,y,y,y,TRUE
DDC.STD_1500.1,y,y,y,TRUE
DDC.STD_1500.2,y,y,y,TRUE
DDC.STD_150,y,y,y,TRUE
DDC.STD_150.1,y,y,y,TRUE
DDC.STD_150.2,y,y,y,TRUE
DDC.STD_15,y,y,y,TRUE
DDC.STD_15.1,y,y,y,TRUE
DDC.STD_15.2,y,y,y,TRUE
DPYSL3.STD_150000,y,y,y,TRUE
DPYSL3.STD_150000.1,y,y,y,TRUE
DPYSL3.STD_150000.2,y,y,y,TRUE
DPYSL3.STD_15000,y,y,y,TRUE
DPYSL3.STD_15000.1,y,y,y,TRUE
DPYSL3.STD_15000.2,y,y,y,TRUE
DPYSL3.STD_1500,y,y,y,TRUE
DPYSL3.STD_1500.1,y,y,y,TRUE
DPYSL3.STD_1500.2,y,y,y,TRUE
DPYSL3.STD_150,y,y,y,TRUE
DPYSL3.STD_150.1,y,y,y,TRUE
DPYSL3.STD_150.2,y,y,y,TRUE
DPYSL3.STD_15,y,y,y,TRUE
DPYSL3.STD_15.1,y,y,y,TRUE
DPYSL3.STD_15.2,y,y,y,TRUE
ECEL1.STD_150000,y,y,y,TRUE
ECEL1.STD_150000.1,y,y,y,TRUE
ECEL1.STD_150000.2,y,y,y,TRUE
ECEL1.STD_15000,y,y,y,TRUE
ECEL1.STD_15000.1,y,y,y,TRUE
ECEL1.STD_15000.2,y,y,y,TRUE
ECEL1.STD_1500,y,y,y,TRUE
ECEL1.STD_1500.1,y,y,y,TRUE
ECEL1.STD_1500.2,y,y,y,TRUE
ECEL1.STD_150,y,y,y,TRUE
ECEL1.STD_150.1,y,y,y,TRUE
ECEL1.STD_150.2,y,y,y,TRUE
ECEL1.STD_15,y,y,y,TRUE
ECEL1.STD_15.1,y,y,y,TRUE
ECEL1.STD_15.2,y,y,y,TRUE
ELAVL4.STD_150000,y,y,y,TRUE
ELAVL4.STD_150000.1,y,y,y,TRUE
ELAVL4.STD_150000.2,y,y,y,TRUE
ELAVL4.STD_15000,y,y,y,TRUE
ELAVL4.STD_15000.1,y,y,y,TRUE
ELAVL4.STD_15000.2,y,y,y,TRUE
ELAVL4.STD_1500,y,y,y,TRUE
ELAVL4.STD_1500.1,y,y,y,TRUE
ELAVL4.STD_1500.2,y,y,y,TRUE
ELAVL4.STD_150,y,y,y,TRUE
ELAVL4.STD_150.1,y,y,y,TRUE
ELAVL4.STD_150.2,y,y,y,TRUE
ELAVL4.STD_15,y,y,y,TRUE
ELAVL4.STD_15.1,y,y,y,TRUE
ELAVL4.STD_15.2,y,y,y,TRUE
EPB41L3.STD_150000,y,y,y,TRUE
EPB41L3.STD_150000.1,y,y,y,TRUE
EPB41L3.STD_150000.2,y,y,y,TRUE
EPB41L3.STD_15000,y,y,y,TRUE
EPB41L3.STD_15000.1,y,y,y,TRUE
EPB41L3.STD_15000.2,y,y,y,TRUE
EPB41L3.STD_1500,y,y,y,TRUE
EPB41L3.STD_1500.1,y,y,y,TRUE
EPB41L3.STD_1500.2,y,y,y,TRUE
EPB41L3.STD_150,y,y,y,TRUE
EPB41L3.STD_150.1,y,y,y,TRUE
EPB41L3.STD_150.2,y,y,y,TRUE
EPB41L3.STD_15,y,y,y,TRUE
EPB41L3.STD_15.1,y,y,y,TRUE
EPB41L3.STD_15.2,y,y,y,TRUE
EPHA5.STD_150000,y,y,y,TRUE
EPHA5.STD_150000.1,y,y,y,TRUE
EPHA5.STD_150000.2,y,y,y,TRUE
EPHA5.STD_15000,y,y,y,TRUE
EPHA5.STD_15000.1,y,y,y,TRUE
EPHA5.STD_15000.2,y,y,y,TRUE
EPHA5.STD_1500,y,y,y,TRUE
EPHA5.STD_1500.1,y,y,y,TRUE
EPHA5.STD_1500.2,y,y,y,TRUE
EPHA5.STD_150,y,y,y,TRUE
EPHA5.STD_150.1,y,y,y,TRUE
EPHA5.STD_150.2,y,y,y,TRUE
EPHA5.STD_15,y,y,y,TRUE
EPHA5.STD_15.1,y,y,y,TRUE
EPHA5.STD_15.2,y,y,y,TRUE
EPN2.STD_150000,y,y,y,TRUE
EPN2.STD_150000.1,y,y,y,TRUE
EPN2.STD_150000.2,y,y,y,TRUE
EPN2.STD_15000,y,y,y,TRUE
EPN2.STD_15000.1,y,y,y,TRUE
EPN2.STD_15000.2,y,y,y,TRUE
EPN2.STD_1500,y,y,y,TRUE
EPN2.STD_1500.1,y,y,y,TRUE
EPN2.STD_1500.2,y,y,y,TRUE
EPN2.STD_150,y,y,y,TRUE
EPN2.STD_150.1,y,y,y,TRUE
EPN2.STD_150.2,y,y,y,TRUE
EPN2.STD_15,y,y,y,TRUE
EPN2.STD_15.1,y,y,y,TRUE
EPN2.STD_15.2,y,y,y,TRUE
FYN.STD_150000,y,y,y,TRUE
FYN.STD_150000.1,y,y,y,TRUE
FYN.STD_150000.2,y,y,y,TRUE
FYN.STD_15000,y,y,y,TRUE
FYN.STD_15000.1,y,y,y,TRUE
FYN.STD_15000.2,y,y,y,TRUE
FYN.STD_1500,y,y,y,TRUE
FYN.STD_1500.1,y,y,y,TRUE
FYN.STD_1500.2,y,y,y,TRUE
FYN.STD_150,y,y,y,TRUE
FYN.STD_150.1,y,y,y,TRUE
FYN.STD_150.2,y,y,y,TRUE
FYN.STD_15,y,y,y,TRUE
FYN.STD_15.1,y,y,y,TRUE
FYN.STD_15.2,y,y,y,TRUE
GNB1.STD_150000,y,y,y,TRUE
GNB1.STD_150000.1,y,y,y,TRUE
GNB1.STD_150000.2,y,y,y,TRUE
GNB1.STD_15000,y,y,y,TRUE
GNB1.STD_15000.1,y,y,y,TRUE
GNB1.STD_15000.2,y,y,y,TRUE
GNB1.STD_1500,y,y,y,TRUE
GNB1.STD_1500.1,y,y,y,TRUE
GNB1.STD_1500.2,y,y,y,TRUE
GNB1.STD_150,y,y,y,TRUE
GNB1.STD_150.1,y,y,y,TRUE
GNB1.STD_150.2,y,y,y,TRUE
GNB1.STD_15,y,y,y,TRUE
GNB1.STD_15.1,y,y,y,TRUE
GNB1.STD_15.2,y,y,y,TRUE
HIVEP2.STD_150000,y,y,y,TRUE
HIVEP2.STD_150000.1,y,y,y,TRUE
HIVEP2.STD_150000.2,y,y,y,TRUE
HIVEP2.STD_15000,y,y,y,TRUE
HIVEP2.STD_15000.1,y,y,y,TRUE
HIVEP2.STD_15000.2,y,y,y,TRUE
HIVEP2.STD_1500,y,y,y,TRUE
HIVEP2.STD_1500.1,y,y,y,TRUE
HIVEP2.STD_1500.2,y,y,y,TRUE
HIVEP2.STD_150,y,y,y,TRUE
HIVEP2.STD_150.1,y,y,y,TRUE
HIVEP2.STD_150.2,y,y,y,TRUE
HIVEP2.STD_15,y,y,y,TRUE
HIVEP2.STD_15.1,y,y,y,TRUE
HIVEP2.STD_15.2,y,y,y,TRUE
HMBS.STD_150000,y,y,y,TRUE
HMBS.STD_150000.1,y,y,y,TRUE
HMBS.STD_150000.2,y,y,y,TRUE
HMBS.STD_15000,y,y,y,TRUE
HMBS.STD_15000.1,y,y,y,TRUE
HMBS.STD_15000.2,y,y,y,TRUE
HMBS.STD_1500,y,y,y,TRUE
HMBS.STD_1500.1,y,y,y,TRUE
HMBS.STD_1500.2,y,y,y,TRUE
HMBS.STD_150,y,y,y,TRUE
HMBS.STD_150.1,y,y,y,TRUE
HMBS.STD_150.2,y,y,y,TRUE
HMBS.STD_15,y,y,y,TRUE
HMBS.STD_15.1,y,y,y,TRUE
HMBS.STD_15.2,y,y,y,TRUE
HPRT1.STD_150000,y,y,y,TRUE
HPRT1.STD_150000.1,y,y,y,TRUE
HPRT1.STD_150000.2,y,y,y,TRUE
HPRT1.STD_15000,y,y,y,TRUE
HPRT1.STD_15000.1,y,y,y,TRUE
HPRT1.STD_15000.2,y,y,y,TRUE
HPRT1.STD_1500,y,y,y,TRUE
HPRT1.STD_1500.1,y,y,y,TRUE
HPRT1.STD_1500.2,y,y,y,TRUE
HPRT1.STD_150,y,y,y,TRUE
HPRT1.STD_150.1,y,y,y,TRUE
HPRT1.STD_150.2,y,y,y,TRUE
HPRT1.STD_15,y,y,y,TRUE
HPRT1.STD_15.1,y,y,y,TRUE
HPRT1.STD_15.2,y,y,y,TRUE
IGSF4.STD_150000,y,y,y,TRUE
IGSF4.STD_150000.1,y,y,y,TRUE
IGSF4.STD_150000.2,y,y,y,TRUE
IGSF4.STD_15000,y,y,y,TRUE
IGSF4.STD_15000.1,y,y,y,TRUE
IGSF4.STD_15000.2,y,y,y,TRUE
IGSF4.STD_1500,y,y,y,TRUE
IGSF4.STD_1500.1,y,y,y,TRUE
IGSF4.STD_1500.2,y,y,y,TRUE
IGSF4.STD_150,y,y,y,TRUE
IGSF4.STD_150.1,y,y,y,TRUE
IGSF4.STD_150.2,y,y,y,TRUE
IGSF4.STD_15,y,y,y,TRUE
IGSF4.STD_15.1,y,y,y,TRUE
IGSF4.STD_15.2,y,y,y,TRUE
INPP1.STD_150000,y,y,y,TRUE
INPP1.STD_150000.1,y,y,y,TRUE
INPP1.STD_150000.2,y,y,y,TRUE
INPP1.STD_15000,y,y,y,TRUE
INPP1.STD_15000.1,y,y,y,TRUE
INPP1.STD_15000.2,y,y,y,TRUE
INPP1.STD_1500,y,y,y,TRUE
INPP1.STD_1500.1,y,y,y,TRUE
INPP1.STD_1500.2,y,y,y,TRUE
INPP1.STD_150,y,y,y,TRUE
INPP1.STD_150.1,y,y,y,TRUE
INPP1.STD_150.2,y,y,y,TRUE
INPP1.STD_15,y,y,y,TRUE
INPP1.STD_15.1,y,y,y,TRUE
INPP1.STD_15.2,y,y,y,TRUE
MAP2K4.STD_150000,y,y,y,TRUE
MAP2K4.STD_150000.1,y,y,y,TRUE
MAP2K4.STD_150000.2,y,y,y,TRUE
MAP2K4.STD_15000,y,y,y,TRUE
MAP2K4.STD_15000.1,y,y,y,TRUE
MAP2K4.STD_15000.2,y,y,y,TRUE
MAP2K4.STD_1500,y,y,y,TRUE
MAP2K4.STD_1500.1,y,y,y,TRUE
MAP2K4.STD_1500.2,y,y,y,TRUE
MAP2K4.STD_150,y,y,y,TRUE
MAP2K4.STD_150.1,y,y,y,TRUE
MAP2K4.STD_150.2,y,y,y,TRUE
MAP2K4.STD_15,y,y,y,TRUE
MAP2K4.STD_15.1,y,y,y,TRUE
MAP2K4.STD_15.2,y,y,y,TRUE
MAP7.STD_150000,y,y,y,TRUE
MAP7.STD_150000.1,y,y,y,TRUE
MAP7.STD_150000.2,y,y,y,TRUE
MAP7.STD_15000,y,y,y,TRUE
MAP7.STD_15000.1,y,y,y,TRUE
MAP7.STD_15000.2,y,y,y,TRUE
MAP7.STD_1500,y,y,y,TRUE
MAP7.STD_1500.1,y,y,y,TRUE
MAP7.STD_1500.2,y,y,y,TRUE
MAP7.STD_150,y,y,y,TRUE
MAP7.STD_150.1,y,y,y,TRUE
MAP7.STD_150.2,y,y,y,TRUE
MAP7.STD_15,y,y,y,TRUE
MAP7.STD_15.1,y,y,y,TRUE
MAP7.STD_15.2,y,y,y,TRUE
MAPT.STD_150000,y,y,y,TRUE
MAPT.STD_150000.1,y,y,y,TRUE
MAPT.STD_150000.2,y,y,y,TRUE
MAPT.STD_15000,y,y,y,TRUE
MAPT.STD_15000.1,y,y,y,TRUE
MAPT.STD_15000.2,y,y,y,TRUE
MAPT.STD_1500,y,y,y,TRUE
MAPT.STD_1500.1,y,y,y,TRUE
MAPT.STD_1500.2,y,y,y,TRUE
MAPT.STD_150,y,y,y,TRUE
MAPT.STD_150.1,y,y,y,TRUE
MAPT.STD_150.2,y,y,y,TRUE
MAPT.STD_15,y,y,y,TRUE
MAPT.STD_15.1,y,y,y,TRUE
MAPT.STD_15.2,y,y,y,TRUE
MCM2.STD_150000,y,y,y,TRUE
MCM2.STD_150000.1,y,y,y,TRUE
MCM2.STD_150000.2,y,y,y,TRUE
MCM2.STD_15000,y,y,y,TRUE
MCM2.STD_15000.1,y,y,y,TRUE
MCM2.STD_15000.2,y,y,y,TRUE
MCM2.STD_1500,y,y,y,TRUE
MCM2.STD_1500.1,y,y,y,TRUE
MCM2.STD_1500.2,y,y,y,TRUE
MCM2.STD_150,y,y,y,TRUE
MCM2.STD_150.1,y,y,y,TRUE
MCM2.STD_150.2,y,y,y,TRUE
MCM2.STD_15,y,y,y,TRUE
MCM2.STD_15.1,y,y,y,TRUE
MCM2.STD_15.2,y,y,y,TRUE
MRPL3.STD_150000,y,y,y,TRUE
MRPL3.STD_150000.1,y,y,y,TRUE
MRPL3.STD_150000.2,y,y,y,TRUE
MRPL3.STD_15000,y,y,y,TRUE
MRPL3.STD_15000.1,y,y,y,TRUE
MRPL3.STD_15000.2,y,y,y,TRUE
MRPL3.STD_1500,y,y,y,TRUE
MRPL3.STD_1500.1,y,y,y,TRUE
MRPL3.STD_1500.2,y,y,y,TRUE
MRPL3.STD_150,y,y,y,TRUE
MRPL3.STD_150.1,y,y,y,TRUE
MRPL3.STD_150.2,y,y,y,TRUE
MRPL3.STD_15,y,y,y,TRUE
MRPL3.STD_15.1,y,y,y,TRUE
MRPL3.STD_15.2,y,y,y,TRUE
MTSS1.STD_150000,y,y,y,TRUE
MTSS1.STD_150000.1,y,y,y,TRUE
MTSS1.STD_150000.2,y,y,y,TRUE
MTSS1.STD_15000,y,y,y,TRUE
MTSS1.STD_15000.1,y,y,y,TRUE
MTSS1.STD_15000.2,y,y,y,TRUE
MTSS1.STD_1500,y,y,y,TRUE
MTSS1.STD_1500.1,y,y,y,TRUE
MTSS1.STD_1500.2,y,y,y,TRUE
MTSS1.STD_150,y,y,y,TRUE
MTSS1.STD_150.1,y,y,y,TRUE
MTSS1.STD_150.2,y,y,y,TRUE
MTSS1.STD_15,y,y,y,TRUE
MTSS1.STD_15.1,y,y,y,TRUE
MTSS1.STD_15.2,y,y,y,TRUE
MYCN(4).STD_150000,y,y,y,TRUE
MYCN(4).STD_150000.1,y,y,y,TRUE
MYCN(4).STD_150000.2,y,y,y,TRUE
MYCN(4).STD_15000,y,y,y,TRUE
MYCN(4).STD_15000.1,y,y,y,TRUE
MYCN(4).STD_15000.2,y,y,y,TRUE
MYCN(4).STD_1500,y,y,y,TRUE
MYCN(4).STD_1500.1,y,y,y,TRUE
MYCN(4).STD_1500.2,y,y,y,TRUE
MYCN(4).STD_150,y,y,y,TRUE
MYCN(4).STD_150.1,y,y,y,TRUE
MYCN(4).STD_150.2,y,y,y,TRUE
MYCN(4).STD_15,y,y,y,TRUE
MYCN(4).STD_15.1,y,y,y,TRUE
MYCN(4).STD_15.2,y,y,y,TRUE
NHLH2.STD_150000,y,y,y,TRUE
NHLH2.STD_150000.1,y,y,y,TRUE
NHLH2.STD_150000.2,y,y,y,TRUE
NHLH2.STD_15000,y,y,y,TRUE
NHLH2.STD_15000.1,y,y,y,TRUE
NHLH2.STD_15000.2,y,y,y,TRUE
NHLH2.STD_1500,y,y,y,TRUE
NHLH2.STD_1500.1,y,y,y,TRUE
NHLH2.STD_1500.2,y,y,y,TRUE
NHLH2.STD_150,y,y,y,TRUE
NHLH2.STD_150.1,y,y,y,TRUE
NHLH2.STD_150.2,y,y,y,TRUE
NHLH2.STD_15,y,y,y,TRUE
NHLH2.STD_15.1,y,y,y,TRUE
NHLH2.STD_15.2,y,y,y,TRUE
NM23A.STD_150000,y,y,y,TRUE
NM23A.STD_150000.1,y,y,y,TRUE
NM23A.STD_150000.2,y,y,y,TRUE
NM23A.STD_15000,y,y,y,TRUE
NM23A.STD_15000.1,y,y,y,TRUE
NM23A.STD_15000.2,y,y,y,TRUE
NM23A.STD_1500,y,y,y,TRUE
NM23A.STD_1500.1,y,y,y,TRUE
NM23A.STD_1500.2,y,y,y,TRUE
NM23A.STD_150,y,y,y,TRUE
NM23A.STD_150.1,y,y,y,TRUE
NM23A.STD_150.2,y,y,y,TRUE
NM23A.STD_15,y,y,y,TRUE
NM23A.STD_15.1,y,y,y,TRUE
NM23A.STD_15.2,y,y,y,TRUE
NRCAM.STD_150000,y,y,y,TRUE
NRCAM.STD_150000.1,y,y,y,TRUE
NRCAM.STD_150000.2,y,y,y,TRUE
NRCAM.STD_15000,y,y,y,TRUE
NRCAM.STD_15000.1,y,y,y,TRUE
NRCAM.STD_15000.2,y,y,y,TRUE
NRCAM.STD_1500,y,y,y,TRUE
NRCAM.STD_1500.1,y,y,y,TRUE
NRCAM.STD_1500.2,y,y,y,TRUE
NRCAM.STD_150,y,y,y,TRUE
NRCAM.STD_150.1,y,y,y,TRUE
NRCAM.STD_150.2,y,y,y,TRUE
NRCAM.STD_15,y,y,y,TRUE
NRCAM.STD_15.1,y,y,y,TRUE
NRCAM.STD_15.2,y,y,y,TRUE
NTRK1.STD_150000,y,y,y,TRUE
NTRK1.STD_150000.1,y,y,y,TRUE
NTRK1.STD_150000.2,y,y,y,TRUE
NTRK1.STD_15000,y,y,y,TRUE
NTRK1.STD_15000.1,y,y,y,TRUE
NTRK1.STD_15000.2,y,y,y,TRUE
NTRK1.STD_1500,y,y,y,TRUE
NTRK1.STD_1500.1,y,y,y,TRUE
NTRK1.STD_1500.2,y,y,y,TRUE
NTRK1.STD_150,y,y,y,TRUE
NTRK1.STD_150.1,y,y,y,TRUE
NTRK1.STD_150.2,y,y,y,TRUE
NTRK1.STD_15,y,y,y,TRUE
NTRK1.STD_15.1,y,y,y,TRUE
NTRK1.STD_15.2,y,y,y,TRUE
ODC1.STD_150000,y,y,y,TRUE
ODC1.STD_150000.1,y,y,y,TRUE
ODC1.STD_150000.2,y,y,y,TRUE
ODC1.STD_15000,y,y,y,TRUE
ODC1.STD_15000.1,y,y,y,TRUE
ODC1.STD_15000.2,y,y,y,TRUE
ODC1.STD_1500,y,y,y,TRUE
ODC1.STD_1500.1,y,y,y,TRUE
ODC1.STD_1500.2,y,y,y,TRUE
ODC1.STD_150,y,y,y,TRUE
ODC1.STD_150.1,y,y,y,TRUE
ODC1.STD_150.2,y,y,y,TRUE
ODC1.STD_15,y,y,y,TRUE
ODC1.STD_15.1,y,y,y,TRUE
ODC1.STD_15.2,y,y,y,TRUE
PAICS.STD_150000,y,y,y,TRUE
PAICS.STD_150000.1,y,y,y,TRUE
PAICS.STD_150000.2,y,y,y,TRUE
PAICS.STD_15000,y,y,y,TRUE
PAICS.STD_15000.1,y,y,y,TRUE
PAICS.STD_15000.2,y,y,y,TRUE
PAICS.STD_1500,y,y,y,TRUE
PAICS.STD_1500.1,y,y,y,TRUE
PAICS.STD_1500.2,y,y,y,TRUE
PAICS.STD_150,y,y,y,TRUE
PAICS.STD_150.1,y,y,y,TRUE
PAICS.STD_150.2,y,y,y,TRUE
PAICS.STD_15,y,y,y,TRUE
PAICS.STD_15.1,y,y,y,TRUE
PAICS.STD_15.2,y,y,y,TRUE
PDE4DIP.STD_150000,y,y,y,TRUE
PDE4DIP.STD_150000.1,y,y,y,TRUE
PDE4DIP.STD_150000.2,y,y,y,TRUE
PDE4DIP.STD_15000,y,y,y,TRUE
PDE4DIP.STD_15000.1,y,y,y,TRUE
PDE4DIP.STD_15000.2,y,y,y,TRUE
PDE4DIP.STD_1500,y,y,y,TRUE
PDE4DIP.STD_1500.1,y,y,y,TRUE
PDE4DIP.STD_1500.2,y,y,y,TRUE
PDE4DIP.STD_150,y,y,y,TRUE
PDE4DIP.STD_150.1,y,y,y,TRUE
PDE4DIP.STD_150.2,y,y,y,TRUE
PDE4DIP.STD_15,y,y,y,TRUE
PDE4DIP.STD_15.1,y,y,y,TRUE
PDE4DIP.STD_15.2,y,y,y,TRUE
PIK3R1.STD_150000,y,y,y,TRUE
PIK3R1.STD_150000.1,y,y,y,TRUE
PIK3R1.STD_150000.2,y,y,y,TRUE
PIK3R1.STD_15000,y,y,y,TRUE
PIK3R1.STD_15000.1,y,y,y,TRUE
PIK3R1.STD_15000.2,y,y,y,TRUE
PIK3R1.STD_1500,y,y,y,TRUE
PIK3R1.STD_1500.1,y,y,y,TRUE
PIK3R1.STD_1500.2,y,y,y,TRUE
PIK3R1.STD_150,y,y,y,TRUE
PIK3R1.STD_150.1,y,y,y,TRUE
PIK3R1.STD_150.2,y,y,y,TRUE
PIK3R1.STD_15,y,y,y,TRUE
PIK3R1.STD_15.1,y,y,y,TRUE
PIK3R1.STD_15.2,y,y,y,TRUE
PLAGL1.STD_150000,y,y,y,TRUE
PLAGL1.STD_150000.1,y,y,y,TRUE
PLAGL1.STD_150000.2,y,y,y,TRUE
PLAGL1.STD_15000,y,y,y,TRUE
PLAGL1.STD_15000.1,y,y,y,TRUE
PLAGL1.STD_15000.2,y,y,y,TRUE
PLAGL1.STD_1500,y,y,y,TRUE
PLAGL1.STD_1500.1,y,y,y,TRUE
PLAGL1.STD_1500.2,y,y,y,TRUE
PLAGL1.STD_150,y,y,y,TRUE
PLAGL1.STD_150.1,y,y,y,TRUE
PLAGL1.STD_150.2,y,y,y,TRUE
PLAGL1.STD_15,y,y,y,TRUE
PLAGL1.STD_15.1,y,y,y,TRUE
PLAGL1.STD_15.2,y,y,y,TRUE
PLAT.STD_150000,y,y,y,TRUE
PLAT.STD_150000.1,y,y,y,TRUE
PLAT.STD_150000.2,y,y,y,TRUE
PLAT.STD_15000,y,y,y,TRUE
PLAT.STD_15000.1,y,y,y,TRUE
PLAT.STD_15000.2,y,y,y,TRUE
PLAT.STD_1500,y,y,y,TRUE
PLAT.STD_1500.1,y,y,y,TRUE
PLAT.STD_1500.2,y,y,y,TRUE
PLAT.STD_150,y,y,y,TRUE
PLAT.STD_150.1,y,y,y,TRUE
PLAT.STD_150.2,y,y,y,TRUE
PLAT.STD_15,y,y,y,TRUE
PLAT.STD_15.1,y,y,y,TRUE
PLAT.STD_15.2,y,y,y,TRUE
PMP22.STD_150000,y,y,y,TRUE
PMP22.STD_150000.1,y,y,y,TRUE
PMP22.STD_150000.2,y,y,y,TRUE
PMP22.STD_15000,y,y,y,TRUE
PMP22.STD_15000.1,y,y,y,TRUE
PMP22.STD_15000.2,y,y,y,TRUE
PMP22.STD_1500,y,y,y,TRUE
PMP22.STD_1500.1,y,y,y,TRUE
PMP22.STD_1500.2,y,y,y,TRUE
PMP22.STD_150,y,y,y,TRUE
PMP22.STD_150.1,y,y,y,TRUE
PMP22.STD_150.2,y,y,y,TRUE
PMP22.STD_15,y,y,y,TRUE
PMP22.STD_15.1,y,y,y,TRUE
PMP22.STD_15.2,y,y,y,TRUE
PRAME.STD_150000,y,y,y,TRUE
PRAME.STD_150000.1,y,y,y,TRUE
PRAME.STD_150000.2,y,y,y,TRUE
PRAME.STD_15000,y,y,y,TRUE
PRAME.STD_15000.1,y,y,y,TRUE
PRAME.STD_15000.2,y,y,y,TRUE
PRAME.STD_1500,y,y,y,TRUE
PRAME.STD_1500.1,y,y,y,TRUE
PRAME.STD_1500.2,y,y,y,TRUE
PRAME.STD_150,y,y,y,TRUE
PRAME.STD_150.1,y,y,y,TRUE
PRAME.STD_150.2,y,y,y,TRUE
PRAME.STD_15,y,y,y,TRUE
PRAME.STD_15.1,y,y,y,TRUE
PRAME.STD_15.2,y,y,y,TRUE
PRDM2.STD_150000,y,y,y,TRUE
PRDM2.STD_150000.1,y,y,y,TRUE
PRDM2.STD_150000.2,y,y,y,TRUE
PRDM2.STD_15000,y,y,y,TRUE
PRDM2.STD_15000.1,y,y,y,TRUE
PRDM2.STD_15000.2,y,y,y,TRUE
PRDM2.STD_1500,y,y,y,TRUE
PRDM2.STD_1500.1,y,y,y,TRUE
PRDM2.STD_1500.2,y,y,y,TRUE
PRDM2.STD_150,y,y,y,TRUE
PRDM2.STD_150.1,y,y,y,TRUE
PRDM2.STD_150.2,y,y,y,TRUE
PRDM2.STD_15,y,y,y,TRUE
PRDM2.STD_15.1,y,y,y,TRUE
PRDM2.STD_15.2,y,y,y,TRUE
PRKACB.STD_150000,y,y,y,TRUE
PRKACB.STD_150000.1,y,y,y,TRUE
PRKACB.STD_150000.2,y,y,y,TRUE
PRKACB.STD_15000,y,y,y,TRUE
PRKACB.STD_15000.1,y,y,y,TRUE
PRKACB.STD_15000.2,y,y,y,TRUE
PRKACB.STD_1500,y,y,y,TRUE
PRKACB.STD_1500.1,y,y,y,TRUE
PRKACB.STD_1500.2,y,y,y,TRUE
PRKACB.STD_150,y,y,y,TRUE
PRKACB.STD_150.1,y,y,y,TRUE
PRKACB.STD_150.2,y,y,y,TRUE
PRKACB.STD_15,y,y,y,TRUE
PRKACB.STD_15.1,y,y,y,TRUE
PRKACB.STD_15.2,y,y,y,TRUE
PRKCZ.STD_150000,y,y,y,TRUE
PRKCZ.STD_150000.1,y,y,y,TRUE
PRKCZ.STD_150000.2,y,y,y,TRUE
PRKCZ.STD_15000,y,y,y,TRUE
PRKCZ.STD_15000.1,y,y,y,TRUE
PRKCZ.STD_15000.2,y,y,y,TRUE
PRKCZ.STD_1500,y,y,y,TRUE
PRKCZ.STD_1500.1,y,y,y,TRUE
PRKCZ.STD_1500.2,y,y,y,TRUE
PRKCZ.STD_150,y,y,y,TRUE
PRKCZ.STD_150.1,y,y,y,TRUE
PRKCZ.STD_150.2,y,y,y,TRUE
PRKCZ.STD_15,y,y,y,TRUE
PRKCZ.STD_15.1,y,y,y,TRUE
PRKCZ.STD_15.2,y,y,y,TRUE
PTN.STD_150000,y,y,y,TRUE
PTN.STD_150000.1,y,y,y,TRUE
PTN.STD_150000.2,y,y,y,TRUE
PTN.STD_15000,y,y,y,TRUE
PTN.STD_15000.1,y,y,y,TRUE
PTN.STD_15000.2,y,y,y,TRUE
PTN.STD_1500,y,y,y,TRUE
PTN.STD_1500.1,y,y,y,TRUE
PTN.STD_1500.2,y,y,y,TRUE
PTN.STD_150,y,y,y,TRUE
PTN.STD_150.1,y,y,y,TRUE
PTN.STD_150.2,y,y,y,TRUE
PTN.STD_15,y,y,y,TRUE
PTN.STD_15.1,y,y,y,TRUE
PTN.STD_15.2,y,y,y,TRUE
PTPRF.STD_150000,y,y,y,TRUE
PTPRF.STD_150000.1,y,y,y,TRUE
PTPRF.STD_150000.2,y,y,y,TRUE
PTPRF.STD_15000,y,y,y,TRUE
PTPRF.STD_15000.1,y,y,y,TRUE
PTPRF.STD_15000.2,y,y,y,TRUE
PTPRF.STD_1500,y,y,y,TRUE
PTPRF.STD_1500.1,y,y,y,TRUE
PTPRF.STD_1500.2,y,y,y,TRUE
PTPRF.STD_150,y,y,y,TRUE
PTPRF.STD_150.1,y,y,y,TRUE
PTPRF.STD_150.2,y,y,y,TRUE
PTPRF.STD_15,y,y,y,TRUE
PTPRF.STD_15.1,y,y,y,TRUE
PTPRF.STD_15.2,y,y,y,TRUE
PTPRH.STD_150000,y,y,y,TRUE
PTPRH.STD_150000.1,y,y,y,TRUE
PTPRH.STD_150000.2,y,y,y,TRUE
PTPRH.STD_15000,y,y,y,TRUE
PTPRH.STD_15000.1,y,y,y,TRUE
PTPRH.STD_15000.2,y,y,y,TRUE
PTPRH.STD_1500,y,y,y,TRUE
PTPRH.STD_1500.1,y,y,y,TRUE
PTPRH.STD_1500.2,y,y,y,TRUE
PTPRH.STD_150,y,y,y,TRUE
PTPRH.STD_150.1,y,y,y,TRUE
PTPRH.STD_150.2,y,y,y,TRUE
PTPRH.STD_15,y,y,y,TRUE
PTPRH.STD_15.1,y,y,y,TRUE
PTPRH.STD_15.2,y,y,y,TRUE
PTPRN2.STD_150000,y,y,y,TRUE
PTPRN2.STD_150000.1,y,y,y,TRUE
PTPRN2.STD_150000.2,y,y,y,TRUE
PTPRN2.STD_15000,y,y,y,TRUE
PTPRN2.STD_15000.1,y,y,y,TRUE
PTPRN2.STD_15000.2,y,y,y,TRUE
PTPRN2.STD_1500,y,y,y,TRUE
PTPRN2.STD_1500.1,y,y,y,TRUE
PTPRN2.STD_1500.2,y,y,y,TRUE
PTPRN2.STD_150,y,y,y,TRUE
PTPRN2.STD_150.1,y,y,y,TRUE
PTPRN2.STD_150.2,y,y,y,TRUE
PTPRN2.STD_15,y,y,y,TRUE
PTPRN2.STD_15.1,y,y,y,TRUE
PTPRN2.STD_15.2,y,y,y,TRUE
QPCT.STD_150000,y,y,y,TRUE
QPCT.STD_150000.1,y,y,y,TRUE
QPCT.STD_150000.2,y,y,y,TRUE
QPCT.STD_15000,y,y,y,TRUE
QPCT.STD_15000.1,y,y,y,TRUE
QPCT.STD_15000.2,y,y,y,TRUE
QPCT.STD_1500,y,y,y,TRUE
QPCT.STD_1500.1,y,y,y,TRUE
QPCT.STD_1500.2,y,y,y,TRUE
QPCT.STD_150,y,y,y,TRUE
QPCT.STD_150.1,y,y,y,TRUE
QPCT.STD_150.2,y,y,y,TRUE
QPCT.STD_15,y,y,y,TRUE
QPCT.STD_15.1,y,y,y,TRUE
QPCT.STD_15.2,y,y,y,TRUE
SCG2.STD_150000,y,y,y,TRUE
SCG2.STD_150000.1,y,y,y,TRUE
SCG2.STD_150000.2,y,y,y,TRUE
SCG2.STD_15000,y,y,y,TRUE
SCG2.STD_15000.1,y,y,y,TRUE
SCG2.STD_15000.2,y,y,y,TRUE
SCG2.STD_1500,y,y,y,TRUE
SCG2.STD_1500.1,y,y,y,TRUE
SCG2.STD_1500.2,y,y,y,TRUE
SCG2.STD_150,y,y,y,TRUE
SCG2.STD_150.1,y,y,y,TRUE
SCG2.STD_150.2,y,y,y,TRUE
SCG2.STD_15,y,y,y,TRUE
SCG2.STD_15.1,y,y,y,TRUE
SCG2.STD_15.2,y,y,y,TRUE
SDHA(1).STD_150000,y,y,y,TRUE
SDHA(1).STD_150000.1,y,y,y,TRUE
SDHA(1).STD_150000.2,y,y,y,TRUE
SDHA(1).STD_15000,y,y,y,TRUE
SDHA(1).STD_15000.1,y,y,y,TRUE
SDHA(1).STD_15000.2,y,y,y,TRUE
SDHA(1).STD_1500,y,y,y,TRUE
SDHA(1).STD_1500.1,y,y,y,TRUE
SDHA(1).STD_1500.2,y,y,y,TRUE
SDHA(1).STD_150,y,y,y,TRUE
SDHA(1).STD_150.1,y,y,y,TRUE
SDHA(1).STD_150.2,y,y,y,TRUE
SDHA(1).STD_15,y,y,y,TRUE
SDHA(1).STD_15.1,y,y,y,TRUE
SDHA(1).STD_15.2,y,y,y,TRUE
SLC25A5.STD_150000,y,y,y,TRUE
SLC25A5.STD_150000.1,y,y,y,TRUE
SLC25A5.STD_150000.2,y,y,y,TRUE
SLC25A5.STD_15000,y,y,y,TRUE
SLC25A5.STD_15000.1,y,y,y,TRUE
SLC25A5.STD_15000.2,y,y,y,TRUE
SLC25A5.STD_1500,y,y,y,TRUE
SLC25A5.STD_1500.1,y,y,y,TRUE
SLC25A5.STD_1500.2,y,y,y,TRUE
SLC25A5.STD_150,y,y,y,TRUE
SLC25A5.STD_150.1,y,y,y,TRUE
SLC25A5.STD_150.2,y,y,y,TRUE
SLC25A5.STD_15,y,y,y,TRUE
SLC25A5.STD_15.1,y,y,y,TRUE
SLC25A5.STD_15.2,y,y,y,TRUE
SLC6A8.STD_150000,y,y,y,TRUE
SLC6A8.STD_150000.1,y,y,y,TRUE
SLC6A8.STD_150000.2,y,y,y,TRUE
SLC6A8.STD_15000,y,y,y,TRUE
SLC6A8.STD_15000.1,y,y,y,TRUE
SLC6A8.STD_15000.2,y,y,y,TRUE
SLC6A8.STD_1500,y,y,y,TRUE
SLC6A8.STD_1500.1,y,y,y,TRUE
SLC6A8.STD_1500.2,y,y,y,TRUE
SLC6A8.STD_150,y,y,y,TRUE
SLC6A8.STD_150.1,y,y,y,TRUE
SLC6A8.STD_150.2,y,y,y,TRUE
SLC6A8.STD_15,y,y,y,TRUE
SLC6A8.STD_15.1,y,y,y,TRUE
SLC6A8.STD_15.2,y,y,y,TRUE
SNAPC1.STD_150000,y,y,y,TRUE
SNAPC1.STD_150000.1,y,y,y,TRUE
SNAPC1.STD_150000.2,y,y,y,TRUE
SNAPC1.STD_15000,y,y,y,TRUE
SNAPC1.STD_15000.1,y,y,y,TRUE
SNAPC1.STD_15000.2,y,y,y,TRUE
SNAPC1.STD_1500,y,y,y,TRUE
SNAPC1.STD_1500.1,y,y,y,TRUE
SNAPC1.STD_1500.2,y,y,y,TRUE
SNAPC1.STD_150,y,y,y,TRUE
SNAPC1.STD_150.1,y,y,y,TRUE
SNAPC1.STD_150.2,y,y,y,TRUE
SNAPC1.STD_15,y,y,y,TRUE
SNAPC1.STD_15.1,y,y,y,TRUE
SNAPC1.STD_15.2,y,y,y,TRUE
TNFRSF.STD_150000,y,y,y,TRUE
TNFRSF.STD_150000.1,y,y,y,TRUE
TNFRSF.STD_150000.2,y,y,y,TRUE
TNFRSF.STD_15000,y,y,y,TRUE
TNFRSF.STD_15000.1,y,y,y,TRUE
TNFRSF.STD_15000.2,y,y,y,TRUE
TNFRSF.STD_1500,y,y,y,TRUE
TNFRSF.STD_1500.1,y,y,y,TRUE
TNFRSF.STD_1500.2,y,y,y,TRUE
TNFRSF.STD_150,y,y,y,TRUE
TNFRSF.STD_150.1,y,y,y,TRUE
TNFRSF.STD_150.2,y,y,y,TRUE
TNFRSF.STD_15,y,y,y,TRUE
TNFRSF.STD_15.1,y,y,y,TRUE
TNFRSF.STD_15.2,y,y,y,TRUE
TYMS.STD_150000,y,y,y,TRUE
TYMS.STD_150000.1,y,y,y,TRUE
TYMS.STD_150000.2,y,y,y,TRUE
TYMS.STD_15000,y,y,y,TRUE
TYMS.STD_15000.1,y,y,y,TRUE
TYMS.STD_15000.2,y,y,y,TRUE
TYMS.STD_1500,y,y,y,TRUE
TYMS.STD_1500.1,y,y,y,TRUE
TYMS.STD_1500.2,y,y,y,TRUE
TYMS.STD_150,y,y,y,TRUE
TYMS.STD_150.1,y,y,y,TRUE
TYMS.STD_150.2,y,y,y,TRUE
TYMS.STD_15,y,y,y,TRUE
TYMS.STD_15.1,y,y,y,TRUE
TYMS.STD_15.2,y,y,y,TRUE
UBC(2).STD_150000,y,y,y,TRUE
UBC(2).STD_150000.1,y,y,y,TRUE
UBC(2).STD_150000.2,y,y,y,TRUE
UBC(2).STD_15000,y,y,y,TRUE
UBC(2).STD_15000.1,y,y,y,TRUE
UBC(2).STD_15000.2,y,y,y,TRUE
UBC(2).STD_1500,y,y,y,TRUE
UBC(2).STD_1500.1,y,y,y,TRUE
UBC(2).STD_1500.2,y,y,y,TRUE
UBC(2).STD_150,y,y,y,TRUE
UBC(2).STD_150.1,y,y,y,TRUE
UBC(2).STD_150.2,y,y,y,TRUE
UBC(2).STD_15,y,y,y,TRUE
UBC(2).STD_15.1,y,y,y,TRUE
UBC(2).STD_15.2,y,y,y,TRUE
ULK2.STD_150000,y,y,y,TRUE
ULK2.STD_150000.1,y,y,y,TRUE
ULK2.STD_150000.2,y,y,y,TRUE
ULK2.STD_15000,y,y,y,TRUE
ULK2.STD_15000.1,y,y,y,TRUE
ULK2.STD_15000.2,y,y,y,TRUE
ULK2.STD_1500,y,y,y,TRUE
ULK2.STD_1500.1,y,y,y,TRUE
ULK2.STD_1500.2,y,y,y,TRUE
ULK2.STD_150,y,y,y,TRUE
ULK2.STD_150.1,y,y,y,TRUE
ULK2.STD_150.2,y,y,y,TRUE
ULK2.STD_15,y,y,y,TRUE
ULK2.STD_15.1,y,y,y,TRUE
ULK2.STD_15.2,y,y,y,TRUE
WSB1.STD_150000,y,y,y,TRUE
WSB1.STD_150000.1,y,y,y,TRUE
WSB1.STD_150000.2,y,y,y,TRUE
WSB1.STD_15000,y,y,y,TRUE
WSB1.STD_15000.1,y,y,y,TRUE
WSB1.STD_15000.2,y,y,y,TRUE
WSB1.STD_1500,y,y,y,TRUE
WSB1.STD_1500.1,y,y,y,TRUE
WSB1.STD_1500.2,y,y,y,TRUE
WSB1.STD_150,y,y,y,TRUE
WSB1.STD_150.1,y,y,y,TRUE
WSB1.STD_150.2,y,y,y,TRUE
WSB1.STD_15,y,y,y,TRUE
WSB1.STD_15.1,y,y,y,TRUE
WSB1.STD_15.2,y,y,y,TRUE
